user_id,tweet_id,is_bot,Minimal Prompt Response,Full-Feature Prompt Response
14628294,1576105640967036928,True,"כן
","לא
"
1535734767693533185,1587830198694813696,False,"לא
","לא
"
1259693465035780096,1567218427026178055,True,"כן
","כן
"
1410979696347652105,1559284748857577475,False,Error: Quota exceeded after retries,Error: Quota exceeded after retries
1583923141986091008,1587538636047646720,True,"לא
","כן
"
1444961790996189184,1588237826550034433,False,"לא
","לא
"
1226506636547616769,1587868087923216390,True,"כן
","לא
"
29256831,1571879184854814721,False,Error: Quota exceeded after retries,Error: Quota exceeded after retries
1584427338581671936,1587453289360019456,True,"כן
","כן
"
1157871227857506304,1568912602138386435,False,"לא
","לא
"
1584426354379931648,1587531178545803264,True,"כן
","כן
"
29256831,1576672703691378689,False,Error: Quota exceeded after retries,Error: Quota exceeded after retries
1583912651398123520,1587472860427059200,True,"כן
","כן
"
1459446403453919232,1569159723320233985,False,"כן
","כן
"
1259693465035780096,1579030167611387905,True,"לא
","לא
"
179379745,1556843977617412097,False,Error: Quota exceeded after retries,"כן
"
1475583508781441029,1569256210586816512,True,"כן
","לא
"
1459446403453919232,1565933002554736641,False,"כן
","כן
"
1259693465035780096,1582586666380046338,True,"לא
",Error: Quota exceeded after retries
986646252778639367,1557822074797916161,False,Error: Quota exceeded after retries,"כן
"
1583923961444061185,1587485885536141312,True,"כן
","כן
"
29256831,1555083767953465345,False,"כן
","לא
"
1303691749987155968,1564372964669362178,True,"כן
","כן
"
29256831,1580319882549555201,False,"כן
","לא
"
1584425341409718272,1587434223723417600,True,Error: Quota exceeded after retries,"כן
"
955168322,1588303559137071105,False,"כן
","כן
"
1583913226819207168,1587447164992573440,True,"לא
","כן
"
1273694559336194049,1569574321294823425,False,"לא
",Error: Quota exceeded after retries
1259693465035780096,1589635537539072000,True,Error: Quota exceeded after retries,"לא
"
1181115702645837825,1583136611880927245,False,"כן
","כן
"
1583923141986091008,1587466246756319234,True,"לא
","לא
"
29256831,1573691834575949824,False,"כן
",Error: Quota exceeded after retries
1584194165969399811,1587440148777553923,True,Error: Quota exceeded after retries,"כן
"
1181115702645837825,1589952157880823809,False,"כן
","כן
"
1214165759582068736,1561092115588841480,True,"כן
","כן
"
1181115702645837825,1582309822128873472,False,"כן
",Error: Quota exceeded after retries
1583892448480178176,1587476527825899521,True,Error: Quota exceeded after retries,"כן
"
1273694559336194049,1569576469306970114,False,"לא
","לא
"
1583908950197825536,1587488933562105856,True,"כן
","כן
"
955168322,1559319473479360513,False,"כן
",Error: Quota exceeded after retries
1303691749987155968,1567911790545195008,True,"כן
","לא
"
3586459285,1586834826925146115,False,"לא
","לא
"
1259693465035780096,1568151082534068226,True,"כן
","כן
"
331332556,1576657761454018561,False,Error: Quota exceeded after retries,Error: Quota exceeded after retries
1584160679896154112,1587429688523165696,True,"כן
","כן
"
1444961790996189184,1589639330116816896,False,"לא
","לא
"
1226506636547616769,1562011134185578498,True,"לא
","לא
"
179379745,1567533141895544834,False,Error: Quota exceeded after retries,"כן
"
1226506636547616769,1588132243528097792,True,"כן
","כן
"
870525872595496960,1573791740816986112,False,"לא
","לא
"
1584146633154961409,1587439134804623360,True,"כן
","כן
"
1394407618941235200,1583431425172602881,False,Error: Quota exceeded after retries,"לא
"
1583901163220455424,1587454808679555073,True,Error: Quota exceeded after retries,"כן
"
29256831,1587886342658084864,False,"כן
","לא
"
1584473989157916678,1587476446632476672,True,"לא
","כן
"
1157871227857506304,1583716627950211072,False,"כן
",Error: Quota exceeded after retries
1583925795306602496,1587497417527554048,True,Error: Quota exceeded after retries,"כן
"
29256831,1558241392333291521,False,"כן
","לא
"
1554424246558138369,1570106777659736066,True,"כן
","כן
"
331332556,1575352874820947970,False,"כן
",Error: Quota exceeded after retries
1584440358233985029,1587453477344530432,True,Error: Quota exceeded after retries,"כן
"
3165081402,1578007234407460864,False,"לא
","לא
"
1584255474009919488,1587430959623770112,True,"כן
","כן
"
1540887255774003200,1569118199785865216,False,"לא
",Error: Quota exceeded after retries
1583908568960757761,1587483347231481857,True,"כן
","כן
"
29256831,1556907340909117440,False,"כן
","כן
"
1583918605590491136,1587465661571211265,True,"כן
","כן
"
1157871227857506304,1554884155191828481,False,"לא
","לא
"
1226506636547616769,1586937532951961600,True,"לא
","לא
"
1181115702645837825,1583398477928681472,False,"כן
","כן
"
1214165759582068736,1564309420070342656,True,"כן
","כן
"
1459446403453919232,1571550773716353024,False,Error: Quota exceeded after retries,"כן
"
1584260690088382465,1587557337627185152,True,"לא
","כן
"
1017001795913175040,1568997326122897409,False,"לא
","לא
"
1583925669897330689,1587504626386948097,True,"לא
","כן
"
29256831,1579828608482172929,False,Error: Quota exceeded after retries,"כן
"
1583925669897330689,1587548565080920065,True,"כן
","כן
"
179379745,1559616838639706115,False,"כן
","כן
"
1584144382189776896,1587439016638525441,True,"לא
",Error: Quota exceeded after retries
1181115702645837825,1578885247630180352,False,"כן
","כן
"
1584318046684188673,1587441973463351296,True,"כן
","כן
"
331332556,1580391908852891648,False,"כן
","לא
"
1584473989157916678,1587435394139795457,True,"כן
","כן
"
1424382549191708681,1555295253929885696,False,"לא
",Error: Quota exceeded after retries
1226506636547616769,1589868062530220037,True,"כן
","כן
"
29256831,1566306157181906944,False,"כן
","כן
"
1583912651398123520,1587447034419634176,True,"לא
","כן
"
1273694559336194049,1565212882572562433,False,Error: Quota exceeded after retries,Error: Quota exceeded after retries
1583891623318261760,1587480669797879808,True,"לא
","לא
"
399455785,1579920350586220545,False,"כן
","כן
"
1583911039451598848,1587483998124527616,True,"כן
","כן
"
1540887255774003200,1570653174348017665,False,Error: Quota exceeded after retries,"לא
"
1583917943217233921,1587547393439895552,True,Error: Quota exceeded after retries,"כן
"
739376502102495232,1567415503014043648,False,"לא
","לא
"
1584278776019488769,1587491503500247040,True,"לא
","כן
"
1357319249002450956,1587736176387039234,False,"כן
","כן
"
1259693465035780096,1566355491311296515,True,Error: Quota exceeded after retries,"לא
"
1277254841312727041,1573185040472743936,False,"כן
","לא
"
1583924667550945280,1587474111881629696,True,"כן
","כן
"
2550340435,1586688000259489798,False,"כן
",Error: Quota exceeded after retries
1583925669897330689,1587497216175878144,True,Error: Quota exceeded after retries,"כן
"
3042299994,1586966733574873088,False,"לא
","לא
"
1583899435175739392,1587454674491228160,True,"כן
","כן
"
934133371160158209,1573578071684354049,False,"כן
","לא
"
1214165759582068736,1587747227174404097,True,"כן
","כן
"
1273694559336194049,1564936765039063040,False,"לא
","לא
"
1259693465035780096,1583758186649391106,True,"לא
","לא
"
1197229185338658817,1566412852835098624,False,"כן
",Error: Quota exceeded after retries
1214165759582068736,1561793441226522634,True,"לא
","לא
"
1157871227857506304,1558096647321784322,False,"כן
","לא
"
1226506636547616769,1583484753222979586,True,"כן
","לא
"
1273694559336194049,1567062128062009357,False,Error: Quota exceeded after retries,"כן
"
1214165759582068736,1583345149928566785,True,"כן
","כן
"
1181115702645837825,1580128955235196928,False,"כן
","כן
"
1259693465035780096,1562890790480650242,True,"לא
","לא
"
29256831,1570454733885952000,False,"כן
","לא
"
1583923141986091008,1587512361773985792,True,"כן
","כן
"
1157871227857506304,1556192203667562496,False,"כן
","לא
"
1259693465035780096,1589694003884085250,True,"כן
",Error: Quota exceeded after retries
1413816742384709636,1576833633041907712,False,"כן
","כן
"
1583916331648184320,1587456354892935168,True,"לא
","כן
"
29256831,1570612042977148929,False,"כן
","לא
"
14628294,1572115996055597057,True,Error: Quota exceeded after retries,"לא
"
15064230,1579797679005401089,False,"לא
","לא
"
65114706,1589249291490824194,True,"כן
","כן
"
1181115702645837825,1587929738030370817,False,"לא
",Error: Quota exceeded after retries
1303691749987155968,1570562389405474816,True,Error: Quota exceeded after retries,"כן
"
934133371160158209,1587684040462704640,False,"כן
","כן
"
1583910169951731712,1587455564342185985,True,"כן
","כן
"
331332556,1576847798963949569,False,"כן
",Error: Quota exceeded after retries
65114706,1583350142953934849,True,Error: Quota exceeded after retries,"לא
"
1413816742384709636,1589275294304964609,False,"כן
","כן
"
1583894549386039296,1587471286631952385,True,"לא
","כן
"
1520424288167288833,1587246553252728832,False,"לא
",Error: Quota exceeded after retries
1583899041338826752,1587515035554676737,True,Error: Quota exceeded after retries,"כן
"
1357319249002450956,1559506628801662977,False,"כן
","כן
"
1214165759582068736,1587029794889293827,True,"כן
","לא
"
712950877330542592,1581254027605835777,False,"כן
","כן
"
1583909435985907712,1587509090053345280,True,"לא
","כן
"
1357319249002450956,1559424489238269953,False,"כן
","כן
"
1584426354379931648,1587506138953617408,True,"לא
","כן
"
1181115702645837825,1583145936309477377,False,"כן
",Error: Quota exceeded after retries
1584318046684188673,1587432752709632000,True,"לא
","כן
"
934133371160158209,1581900838544756736,False,"לא
","לא
"
65114706,1587359917782056962,True,"לא
","לא
"
1273694559336194049,1567331812191641600,False,Error: Quota exceeded after retries,"לא
"
1583920883240161280,1587456593800531968,True,"כן
","כן
"
277659476,1588785927404408832,False,"לא
","לא
"
1226506636547616769,1556995656379670528,True,"כן
","כן
"
1277254841312727041,1566738701115424769,False,"לא
","לא
"
1584439581067599874,1587461279366598656,True,"כן
","כן
"
1197229185338658817,1572725656404000768,False,"לא
","לא
"
1583926286371938304,1587539549730717696,True,"כן
",Error: Quota exceeded after retries
986646252778639367,1576486109248311297,False,"כן
","לא
"
1583899435175739392,1587487983346647040,True,"כן
","כן
"
1277254841312727041,1573185871427289088,False,"לא
","לא
"
1584414848393572357,1587460651261128705,True,Error: Quota exceeded after retries,"כן
"
1394407618941235200,1571613506624946182,False,"לא
","כן
"
1584144382189776896,1587428779843997697,True,"כן
","כן
"
1357319249002450956,1556712780027379717,False,"כן
","כן
"
1583913808736620544,1587447304616673280,True,"לא
","כן
"
331332556,1565655044673994752,False,"כן
","לא
"
1259693465035780096,1586621130777010176,True,"לא
","לא
"
1181115702645837825,1587125147923890179,False,"כן
",Error: Quota exceeded after retries
1583909627535982592,1587509215215595522,True,"לא
","כן
"
1181115702645837825,1581398661925572608,False,"כן
","כן
"
1554418714799669248,1570106617735118849,True,"לא
","כן
"
1273694559336194049,1567061949133000715,False,Error: Quota exceeded after retries,"לא
"
1583912916331339776,1587472949589602304,True,"לא
","כן
"
1394407618941235200,1570518580403257344,False,"לא
","לא
"
1583900146450169858,1587533096567549953,True,"כן
","כן
"
1277254841312727041,1575806096878755841,False,Error: Quota exceeded after retries,Error: Quota exceeded after retries
1584305539340984320,1587441584210993152,True,"לא
","כן
"
934133371160158209,1588417530816872448,False,"כן
","כן
"
1584194165969399811,1587450684844089346,True,"כן
","כן
"
934133371160158209,1555088518405410817,False,Error: Quota exceeded after retries,"לא
"
1584294246240374784,1587431736660459520,True,"לא
","כן
"
934133371160158209,1565962768976576512,False,"כן
","כן
"
1214165759582068736,1587112060185370625,True,"כן
",Error: Quota exceeded after retries
1157871227857506304,1582433455207419907,False,Error: Quota exceeded after retries,"כן
"
1583892697311772672,1587550166373892097,True,"כן
","כן
"
1157871227857506304,1564266180516397057,False,"כן
","לא
"
1226506636547616769,1586936867190181888,True,"כן
",Error: Quota exceeded after retries
1181115702645837825,1587517924956422144,False,Error: Quota exceeded after retries,"כן
"
1583911756220354564,1587484100415234048,True,"כן
","כן
"
1302953277374464001,1564517436774285312,False,"כן
","לא
"
14628294,1555191824075169792,True,"לא
",Error: Quota exceeded after retries
1459446403453919232,1572298015775559681,False,Error: Quota exceeded after retries,"כן
"
1584163229848154112,1587429903250518016,True,"כן
","כן
"
1357319249002450956,1559506455295918086,False,"כן
","כן
"
1214165759582068736,1582422692321710082,True,"לא
",Error: Quota exceeded after retries
90212240,1562787021008949248,False,Error: Quota exceeded after retries,"כן
"
1584426354379931648,1587540894579798017,True,"כן
","כן
"
1181115702645837825,1588917590315143170,False,"לא
","כן
"
14628294,1571815438052384770,True,"לא
","לא
"
1157871227857506304,1559197230237720577,False,Error: Quota exceeded after retries,"כן
"
1584123541401718784,1587491177284087808,True,"כן
","כן
"
1181115702645837825,1586675240742146048,False,"כן
","כן
"
1584139067414876161,1587449419888152576,True,"לא
",Error: Quota exceeded after retries
1357319249002450956,1556249068472598528,False,Error: Quota exceeded after retries,"כן
"
1583914219845877760,1587489859668561920,True,"כן
","כן
"
934133371160158209,1555443009956741122,False,"כן
","כן
"
1214165759582068736,1572674492534591488,True,"כן
","לא
"
29256831,1557274110375362561,False,"כן
","כן
"
1584327926551412736,1587498263099232256,True,"כן
","כן
"
1181115702645837825,1581307154484539392,False,"לא
","לא
"
1583912916331339776,1587478652572225536,True,"לא
","כן
"
29256831,1554715912430837766,False,"כן
","כן
"
1583926286371938304,1587480233002688512,True,"לא
",Error: Quota exceeded after retries
179379745,1565160413943177220,False,Error: Quota exceeded after retries,"כן
"
1583908568960757761,1587488862422515713,True,"כן
","כן
"
29256831,1579817093217734657,False,"כן
","לא
"
1583913226819207168,1587517970237964288,True,"לא
","כן
"
1220225130787491840,1558134422741950464,False,"לא
","לא
"
14628294,1582254208065363969,True,"לא
","לא
"
1181115702645837825,1574360893433024512,False,"כן
","כן
"
1584143278785847297,1587428673832960000,True,Error: Quota exceeded after retries,"כן
"
29256831,1561686741630812163,False,"כן
","כן
"
1214165759582068736,1561698575972712451,True,"כן
","כן
"
29256831,1569064255168851968,False,"כן
","כן
"
1259693465035780096,1567574931512217601,True,Error: Quota exceeded after retries,"לא
"
1181115702645837825,1577075706626215936,False,"כן
","כן
"
14628294,1562324430147166208,True,"לא
","לא
"
1459446403453919232,1571054523720028160,False,"כן
",Error: Quota exceeded after retries
14628294,1582304538325045248,True,Error: Quota exceeded after retries,"לא
"
870525872595496960,1587009810515492868,False,"לא
","לא
"
1584160679896154112,1587486694856568832,True,"לא
","כן
"
29256831,1568227063894802433,False,"לא
",Error: Quota exceeded after retries
1583916331648184320,1587490106624991232,True,Error: Quota exceeded after retries,"כן
"
1390213170468474885,1566506729562669061,False,"לא
","לא
"
1584179308720844801,1587439993722503168,True,"כן
","כן
"
1424382549191708681,1580147741828993024,False,"כן
",Error: Quota exceeded after retries
1583892448480178176,1587487383452192768,True,Error: Quota exceeded after retries,"כן
"
1181115702645837825,1582098717649170432,False,"כן
","כן
"
1583916331648184320,1587437540251824129,True,"כן
","כן
"
179379745,1566554353762279430,False,"כן
",Error: Quota exceeded after retries
1584350719246831616,1587442283481137154,True,Error: Quota exceeded after retries,"לא
"
29256831,1572343823732445184,False,"כן
","לא
"
1259693465035780096,1556598566558351367,True,"לא
","לא
"
179379745,1559616883069968384,False,"כן
",Error: Quota exceeded after retries
1214165759582068736,1575467269039312898,True,"כן
","כן
"
29256831,1573929318878654464,False,"לא
","לא
"
1584294246240374784,1587451659948412928,True,"לא
","כן
"
179379745,1565038728644550656,False,"כן
","כן
"
1583912916331339776,1587455863672840192,True,"לא
","כן
"
1357319249002450956,1559387143188905984,False,"לא
","לא
"
1584449597388115968,1587461777377271808,True,"לא
","כן
"
1017001795913175040,1583134395405172740,False,Error: Quota exceeded after retries,"לא
"
1259693465035780096,1580107354124656641,True,"לא
","לא
"
2628049596,1588806267539451904,False,"לא
","לא
"
1259693465035780096,1571950332426571777,True,"לא
",Error: Quota exceeded after retries
90212240,1554810304030298114,False,Error: Quota exceeded after retries,"לא
"
65114706,1588405108592648194,True,"כן
","לא
"
29256831,1572303509059665920,False,"כן
","כן
"
1583897613967187968,1587532385255424000,True,"כן
","כן
"
4536850696,1559467468091006976,False,"לא
","לא
"
1303691749987155968,1564033162187005952,True,"כן
","כן
"
739508825976377345,1556873342371733504,False,"כן
","לא
"
1584421556851466242,1587453117561307136,True,"לא
",Error: Quota exceeded after retries
1459446403453919232,1569579635800694787,False,"כן
","כן
"
1583908205196812288,1587455234153979904,True,"לא
","כן
"
3107327765,1567709158350245892,False,"לא
","לא
"
1214165759582068736,1579930968777199616,True,"כן
","לא
"
29256831,1564737017866383361,False,"כן
","כן
"
1259693465035780096,1581590623454253056,True,Error: Quota exceeded after retries,"לא
"
29256831,1569316874684612608,False,"לא
","כן
"
1583908568960757761,1587436488005820416,True,"כן
","כן
"
1535734767693533185,1569970287092944896,False,"לא
",Error: Quota exceeded after retries
1584252834652258305,1587440357158973440,True,"לא
","כן
"
29256831,1589922228275408896,False,"כן
","לא
"
1583892448480178176,1587550040217616384,True,"כן
","כן
"
1500311548501401600,1556296335262945281,False,Error: Quota exceeded after retries,Error: Quota exceeded after retries
14628294,1563447989695553538,True,"כן
","לא
"
29256831,1558333400913674241,False,"כן
","כן
"
1583913226819207168,1587536331214757888,True,"לא
","כן
"
934133371160158209,1554862113323106304,False,"כן
","כן
"
1392373906288398337,1569618116170207232,True,Error: Quota exceeded after retries,"כן
"
748207163533828102,1572491926070329344,False,"לא
","לא
"
65114706,1573223872186519553,True,"לא
","לא
"
29256831,1567927396199968768,False,"כן
",Error: Quota exceeded after retries
1584421556851466242,1587460863275171841,True,Error: Quota exceeded after retries,"כן
"
1390213170468474885,1581199177928757248,False,"כן
","לא
"
1359977891501637635,1583100012736962560,True,"לא
","לא
"
90212240,1583022084040511489,False,"כן
",Error: Quota exceeded after retries
1214165759582068736,1582428821340377088,True,Error: Quota exceeded after retries,"כן
"
1269233830256394247,1587477516498919430,False,"כן
","לא
"
1259693465035780096,1570007716487364610,True,"כן
","כן
"
331332556,1578921902906953728,False,"כן
",Error: Quota exceeded after retries
1583904863439638528,1587472057058484224,True,"כן
","כן
"
1197229185338658817,1561453204994498562,False,"לא
","לא
"
1584181685012541441,1587458323854479363,True,"כן
","כן
"
1510339878457851908,1582183997496766466,False,Error: Quota exceeded after retries,Error: Quota exceeded after retries
1584123541401718784,1587480323595517952,True,"לא
","כן
"
1394407618941235200,1560877560652877824,False,"כן
","כן
"
14628294,1569704050664546304,True,"לא
","לא
"
1408843451739914242,1571240112356196353,False,Error: Quota exceeded after retries,Error: Quota exceeded after retries
1584464221299183616,1587462153094643713,True,"כן
","כן
"
29256831,1556709430577733633,False,"לא
","לא
"
1584461842260234241,1587444443086405632,True,"כן
","כן
"
29256831,1587770880557338625,False,"כן
","כן
"
1583894549386039296,1587499101905514496,True,"לא
","כן
"
3165081402,1589262348430487555,False,"כן
","לא
"
1583917549573791744,1587447901872979970,True,"לא
","כן
"
331332556,1581843525347704833,False,Error: Quota exceeded after retries,"לא
"
1214165759582068736,1588262272324947968,True,"לא
","לא
"
29256831,1556896259507736576,False,"כן
","כן
"
1583893901643231233,1587522724208918528,True,"כן
","כן
"
1181115702645837825,1582461054990548992,False,"כן
","כן
"
1584461942303125505,1587435281384280064,True,"כן
","כן
"
1181115702645837825,1572677615529369601,False,"כן
","כן
"
1583904064903217152,1587559636751724544,True,"כן
",Error: Quota exceeded after retries
934133371160158209,1556543542453047297,False,"לא
","לא
"
1583899435175739392,1587462852377313281,True,"כן
","כן
"
1302953277374464001,1587051875261636609,False,"כן
","לא
"
1584198027195351044,1587440195078541312,True,"לא
",Error: Quota exceeded after retries
29256831,1569910382470512640,False,"כן
","כן
"
1226506636547616769,1587482837615316992,True,"לא
","לא
"
1357319249002450956,1589275403054551041,False,"כן
","כן
"
1583916331648184320,1587537498682499072,True,Error: Quota exceeded after retries,Error: Quota exceeded after retries
1197229185338658817,1588541076138139649,False,"לא
","לא
"
65114706,1570772408747065350,True,"לא
","לא
"
2550340435,1563596686089494529,False,"לא
","לא
"
1584143728192548864,1587457636660031488,True,Error: Quota exceeded after retries,Error: Quota exceeded after retries
1181115702645837825,1581308110177595395,False,"כן
","כן
"
1583911039451598848,1587478312942596096,True,"כן
","כן
"
394932902,1588904395261247488,False,"כן
","כן
"
1583925669897330689,1587490956286169088,True,Error: Quota exceeded after retries,Error: Quota exceeded after retries
932669106586902529,1582607777255817216,False,"כן
","לא
"
1303691749987155968,1563674986736394241,True,"כן
","כן
"
1197229185338658817,1580262566768824320,False,"כן
","לא
"
1583910181133422592,1587561153433022465,True,Error: Quota exceeded after retries,Error: Quota exceeded after retries
1277254841312727041,1586734117353316353,False,"לא
","לא
"
1226506636547616769,1587739426523955200,True,"כן
","כן
"
1017001795913175040,1580500930365046784,False,"כן
","לא
"
1583904863439638528,1587500421282603008,True,Error: Quota exceeded after retries,Error: Quota exceeded after retries
1273694559336194049,1587082497434730499,False,"כן
","לא
"
1583904863439638528,1587516001259700225,True,"לא
","כן
"
3252427734,1580640111792099328,False,"לא
","לא
"
1584461942303125505,1587454079881445376,True,Error: Quota exceeded after retries,"כן
"
1181115702645837825,1580546019321729025,False,"כן
","כן
"
1583904863439638528,1587483010642849792,True,"כן
","כן
"
90212240,1566426382405599235,False,"כן
",Error: Quota exceeded after retries
1214165759582068736,1559509864581308416,True,Error: Quota exceeded after retries,"לא
"
1277254841312727041,1561859424398049280,False,"לא
","לא
"
2340927026,1556960649187659780,True,"לא
","לא
"
1444961790996189184,1571957027060224000,False,"לא
",Error: Quota exceeded after retries
1583926286371938304,1587548842706145280,True,Error: Quota exceeded after retries,"כן
"
1444961790996189184,1588288631416184832,False,"כן
","לא
"
1259693465035780096,1569598803895848965,True,"כן
","כן
"
1461315962603454464,1563579930092642304,False,"לא
",Error: Quota exceeded after retries
1214165759582068736,1561832113401659392,True,Error: Quota exceeded after retries,"לא
"
1277254841312727041,1571029254506414081,False,"לא
","לא
"
1583911039451598848,1587501788982177794,True,"לא
","כן
"
1181115702645837825,1588110751465721857,False,"לא
",Error: Quota exceeded after retries
1259693465035780096,1582636810391683072,True,Error: Quota exceeded after retries,"לא
"
934133371160158209,1587735290705223680,False,"כן
","כן
"
1584295650258485248,1587451708271374338,True,"כן
","כן
"
29256831,1569078569711841280,False,"לא
",Error: Quota exceeded after retries
1583909435985907712,1587545055367114752,True,"כן
","כן
"
927450880642899968,1588137190034481155,False,"לא
","כן
"
65114706,1587121924446076936,True,"כן
","לא
"
331332556,1564741628316864517,False,Error: Quota exceeded after retries,Error: Quota exceeded after retries
1259693465035780096,1588490244361707522,True,"לא
","כן
"
1203732520736612355,1569304536430559233,False,"כן
","לא
"
1226506636547616769,1554749010447048705,True,"כן
","כן
"
4536850696,1582622157171220482,False,Error: Quota exceeded after retries,Error: Quota exceeded after retries
1583913808736620544,1587437285242331137,True,"לא
","לא
"
1459446403453919232,1570697172336906240,False,"כן
","כן
"
1583905784173592576,1587455178378125312,True,"כן
","כן
"
1157871227857506304,1562654678864736256,False,Error: Quota exceeded after retries,"כן
"
1226506636547616769,1588470482952925188,True,"כן
","כן
"
1273694559336194049,1557587086206980096,False,"לא
","לא
"
1583913226819207168,1587502406396301313,True,"כן
","כן
"
1534504488450523138,1582936856856961024,False,"לא
","לא
"
1583904258876850176,1587488481248301059,True,"לא
","כן
"
15064230,1570309529409134593,False,"כן
","לא
"
1583923961444061185,1587496820472627200,True,"לא
","כן
"
29256831,1576788474111221760,False,Error: Quota exceeded after retries,"כן
"
1583925795306602496,1587520265520414720,True,"כן
","כן
"
15064230,1583042628114784256,False,"לא
","לא
"
1259693465035780096,1572686438264877056,True,"לא
",Error: Quota exceeded after retries
1394407618941235200,1575238987844882442,False,Error: Quota exceeded after retries,"כן
"
1214165759582068736,1562122597147574272,True,"לא
","לא
"
331332556,1557782975776956421,False,"לא
","לא
"
14628294,1589223762075193344,True,"לא
","לא
"
1284069423125536768,1564509906966806529,False,Error: Quota exceeded after retries,"לא
"
65114706,1576121518735896578,True,"לא
","לא
"
1461315962603454464,1583879517629984776,False,"לא
","לא
"
1214165759582068736,1562686322828926977,True,"לא
","לא
"
1375540105943863302,1575747097206349825,False,"כן
","כן
"
1584223802980204544,1587458486262108162,True,"כן
","כן
"
1181115702645837825,1589008132180971520,False,"כן
","כן
"
1584253804882513920,1587430866958942208,True,"לא
",Error: Quota exceeded after retries
29256831,1579889181458694144,False,"כן
","כן
"
1584383542351392769,1587433482950565888,True,"כן
","כן
"
331332556,1559952272821522434,False,"כן
","כן
"
14628294,1567052082443689987,True,"לא
","לא
"
1467213474619133962,1564218515703341056,False,"כן
","לא
"
1303691749987155968,1570157433456316418,True,"כן
","כן
"
179379745,1565737938406850563,False,"כן
","כן
"
1583924667550945280,1587456899846283265,True,"כן
","כן
"
2229675445,1555505816001806336,False,"כן
","לא
"
1584307973261651969,1587432371443224583,True,"לא
",Error: Quota exceeded after retries
179379745,1564215836210073600,False,Error: Quota exceeded after retries,"כן
"
1583902346672676864,1587559377069699073,True,"לא
","כן
"
1390213170468474885,1587485690207535104,False,"לא
","לא
"
1583904863439638528,1587455082332704773,True,"לא
","כן
"
1357319249002450956,1555782972497973248,False,"כן
","כן
"
1583897613967187968,1587523055722455040,True,Error: Quota exceeded after retries,"כן
"
1277254841312727041,1573775561389899777,False,"לא
","לא
"
1583908568960757761,1587516504504836096,True,"כן
","כן
"
331332556,1561709326766596097,False,"לא
",Error: Quota exceeded after retries
1214165759582068736,1580160586964668417,True,"כן
","כן
"
1390213170468474885,1576084695707631616,False,"לא
","לא
"
14628294,1572625011680100355,True,"לא
","לא
"
1500311548501401600,1562854261729374208,False,Error: Quota exceeded after retries,Error: Quota exceeded after retries
1584441871304359936,1587443704838529025,True,"לא
","כן
"
1357319249002450956,1559424098803097602,False,"כן
","כן
"
1583894549386039296,1587435669281857536,True,"כן
","כן
"
934133371160158209,1575406794255568897,False,"כן
","כן
"
1214165759582068736,1576999347300204546,True,"כן
","כן
"
3042299994,1566743769889783809,False,"לא
","לא
"
14628294,1562772394829180930,True,"כן
","לא
"
1410979696347652105,1565739653050912768,False,Error: Quota exceeded after retries,"לא
"
1583902346672676864,1587524144240787457,True,"כן
","כן
"
1181115702645837825,1587390727943819271,False,"כן
","כן
"
65114706,1562800997701156864,True,"לא
","לא
"
1390213170468474885,1588771859260063744,False,"לא
","לא
"
1259693465035780096,1572983667185668098,True,"כן
","לא
"
1424382549191708681,1581649561713401856,False,"כן
","לא
"
1583905784173592576,1587560221970337792,True,"לא
",Error: Quota exceeded after retries
1197229185338658817,1573928205781811205,False,"כן
","לא
"
1214165759582068736,1555271755140403208,True,"לא
","לא
"
986646252778639367,1559143241005649920,False,"לא
","לא
"
1583892448480178176,1587506588566183936,True,"כן
",Error: Quota exceeded after retries
1302953277374464001,1567529939703848962,False,"כן
","לא
"
1584144382189776896,1587457694385860608,True,"כן
","כן
"
1540887255774003200,1573728047563423745,False,"לא
","לא
"
1583911807265431553,1587446948922916866,True,Error: Quota exceeded after retries,Error: Quota exceeded after retries
1459446403453919232,1569580531670568961,False,"כן
","כן
"
1583897613967187968,1587514801353129984,True,"כן
","כן
"
29256831,1580497569398284289,False,"כן
","כן
"
1584414095595671552,1587469858584743936,True,"כן
","כן
"
1302953277374464001,1580260720012578818,False,"לא
","לא
"
1583923141986091008,1587504074802417668,True,"לא
","כן
"
934133371160158209,1587711246308179968,False,"כן
","כן
"
1583891623318261760,1587489952299786242,True,Error: Quota exceeded after retries,"לא
"
29256831,1574885756467761152,False,"כן
","לא
"
1214165759582068736,1571194776296333312,True,"לא
","לא
"
986646252778639367,1562535610480332801,False,"כן
",Error: Quota exceeded after retries
1583893901643231233,1587481644256006144,True,Error: Quota exceeded after retries,"כן
"
1157871227857506304,1580797307599351808,False,"כן
","כן
"
1583918605590491136,1587448037437079552,True,"לא
","כן
"
1357319249002450956,1559424189710635008,False,"כן
",Error: Quota exceeded after retries
1259693465035780096,1578754868818628608,True,"לא
",Error: Quota exceeded after retries
1467213474619133962,1569694830162505730,False,"כן
","לא
"
1583902346672676864,1587436037135007745,True,"כן
","כן
"
1540887255774003200,1566445149470822407,False,"לא
","לא
"
1583909435985907712,1587455405981982722,True,Error: Quota exceeded after retries,"כן
"
29256831,1572630690726051841,False,"כן
","לא
"
1259693465035780096,1587085640046444544,True,"כן
","כן
"
1238188138054537217,1579838172519084033,False,"לא
",Error: Quota exceeded after retries
1583904258876850176,1587551861183172608,True,Error: Quota exceeded after retries,"כן
"
1273694559336194049,1568594483520077827,False,"לא
","לא
"
1583912651398123520,1587546062021046272,True,"כן
","כן
"
29256831,1556531422067920898,False,"כן
","כן
"
1584464221299183616,1587444577148973056,True,"כן
","כן
"
29256831,1557644748424466433,False,"כן
","לא
"
1583901163220455424,1587493204466638848,True,"כן
","כן
"
1181115702645837825,1587132151589441540,False,"לא
",Error: Quota exceeded after retries
1584327926551412736,1587486948590903297,True,"כן
","כן
"
934133371160158209,1565246186868670464,False,"לא
","לא
"
1584146725790306305,1587428981183086592,True,"לא
","כן
"
29256831,1558241199768707072,False,Error: Quota exceeded after retries,"לא
"
1259693465035780096,1575819165734031362,True,"לא
","לא
"
1197229185338658817,1561675834963988480,False,"לא
","לא
"
1583905784173592576,1587463826793824256,True,"לא
",Error: Quota exceeded after retries
934133371160158209,1563421803015700481,False,Error: Quota exceeded after retries,"כן
"
1583924667550945280,1587504343158206464,True,"לא
","כן
"
1277254841312727041,1566678234724450306,False,"לא
","לא
"
1214165759582068736,1554739097662545921,True,"כן
",Error: Quota exceeded after retries
179379745,1564340290936311809,False,"כן
",Error: Quota exceeded after retries
1259693465035780096,1554767011602997250,True,"כן
","כן
"
1390213170468474885,1587487380457627648,False,"כן
","לא
"
1583900146450169858,1587462945008586754,True,"כן
","כן
"
1394407618941235200,1557327983408566273,False,"כן
","לא
"
1583914553532088320,1587479017656942592,True,"כן
","כן
"
1157871227857506304,1587379486651293696,False,"לא
","לא
"
1583897739477528576,1587514899357323264,True,"כן
","כן
"
1459446403453919232,1569580070548770816,False,Error: Quota exceeded after retries,"כן
"
1584473989157916678,1587541215406235649,True,"כן
","כן
"
29256831,1573896168878194688,False,"לא
","לא
"
1584162092948500482,1587429809331658752,True,"כן
",Error: Quota exceeded after retries
179379745,1567079628610600960,False,Error: Quota exceeded after retries,"כן
"
1583925795306602496,1587457094176755713,True,"כן
","כן
"
90212240,1566403752256495616,False,"כן
","כן
"
1214165759582068736,1587522010103648259,True,"לא
","לא
"
1500311548501401600,1560644498828378114,False,"לא
","לא
"
14628294,1572889350505115648,True,"לא
","לא
"
29256831,1588733331486965761,False,"כן
","לא
"
1583904064903217152,1587543737852256256,True,"לא
",Error: Quota exceeded after retries
1551028695262953473,1578035520114159619,False,"לא
","לא
"
1583913813673672704,1587456007277379584,True,"לא
","כן
"
29256831,1563781458946363393,False,"לא
","לא
"
1584175664642797568,1587439867566256128,True,Error: Quota exceeded after retries,"כן
"
29256831,1577742949554667520,False,"כן
","לא
"
1214165759582068736,1580138141851082752,True,"כן
","כן
"
1519973177107132417,1582478599227346944,False,"לא
","לא
"
1583747847517634560,1587461691381403648,True,"כן
","לא
"
1273694559336194049,1570355593667575811,False,"כן
","לא
"
1259693465035780096,1579808048587354112,True,"כן
","לא
"
1357319249002450956,1556596321624244224,False,"כן
",Error: Quota exceeded after retries
1583924667550945280,1587485959389515776,True,"כן
","כן
"
331332556,1557807773030780928,False,"כן
","לא
"
1583908950197825536,1587501049425760257,True,"לא
","כן
"
1540887255774003200,1572633004320645120,False,"לא
","לא
"
1584278776019488769,1587498056919834625,True,"כן
","כן
"
1513170442592391172,1588087961681281024,False,"כן
","כן
"
1584260690088382465,1587468672171286528,True,"כן
","כן
"
1416693965756243974,1580642803277008896,False,Error: Quota exceeded after retries,"לא
"
1584136649750958082,1587438720038236163,True,"כן
","כן
"
29256831,1564371283646812160,False,"כן
","כן
"
1583904064903217152,1587524586387607553,True,"כן
","כן
"
1302953277374464001,1562665148703092736,False,"כן
","כן
"
1259693465035780096,1582621905508782080,True,"כן
","לא
"
934133371160158209,1588559761364099073,False,"כן
","כן
"
1259693465035780096,1578093938367672320,True,"לא
",Error: Quota exceeded after retries
1357319249002450956,1555806602011328513,False,"כן
","כן
"
65114706,1556909218438971392,True,"לא
","לא
"
29256831,1557697634206470149,False,"לא
","לא
"
1259693465035780096,1582280941686337536,True,"לא
",Error: Quota exceeded after retries
29256831,1557329123718184961,False,"כן
","כן
"
1259693465035780096,1561375909441114113,True,"כן
","כן
"
1277254841312727041,1571117412388577282,False,"לא
","לא
"
1259693465035780096,1567516605281599490,True,Error: Quota exceeded after retries,Error: Quota exceeded after retries
2550340435,1561357374694252547,False,"לא
","לא
"
14628294,1561972780182056961,True,"לא
","לא
"
29256831,1588211873102499841,False,"כן
","כן
"
1583902346672676864,1587454883065520129,True,"לא
","כן
"
29256831,1583898577457524736,False,"כן
","לא
"
1259693465035780096,1572885706544148481,True,"לא
","לא
"
1181115702645837825,1579246532100251648,False,"כן
","כן
"
1214165759582068736,1568919602704355329,True,Error: Quota exceeded after retries,"לא
"
331332556,1574837732693741588,False,"כן
","לא
"
1583911039451598848,1587494784830013440,True,"לא
","כן
"
179379745,1555025229302358016,False,"כן
","כן
"
1583892448480178176,1587454273188569088,True,"כן
","כן
"
1500311548501401600,1561027654320521216,False,"כן
","כן
"
65114706,1563097064111624192,True,"לא
",Error: Quota exceeded after retries
1329461974434975747,1560543117689995264,False,"כן
","לא
"
1583892697311772672,1587471119275024385,True,"לא
",Error: Quota exceeded after retries
934133371160158209,1567103691479564289,False,"לא
","לא
"
1583914553532088320,1587495727680303105,True,"לא
","לא
"
1513170442592391172,1587510930660786177,False,"כן
","כן
"
1583908205196812288,1587436424894128128,True,Error: Quota exceeded after retries,Error: Quota exceeded after retries
29256831,1557695326521262080,False,"לא
","לא
"
1584184839267229696,1587458401700786176,True,"כן
","כן
"
1357319249002450956,1559424415452086272,False,"כן
","כן
"
1583910181133422592,1587472555010445312,True,Error: Quota exceeded after retries,"כן
"
29256831,1582662345880350720,False,"כן
","לא
"
1584449074383626240,1587443855200116736,True,"כן
","כן
"
1390213170468474885,1567949742658707458,False,"לא
",Error: Quota exceeded after retries
1583905784173592576,1587534287733039105,True,Error: Quota exceeded after retries,"כן
"
1357319249002450956,1555166558086987777,False,"כן
","כן
"
1584267993562828800,1587431333998927874,True,"כן
","כן
"
1157871227857506304,1573732533828812808,False,"כן
","לא
"
65114706,1589959445366607873,True,"לא
","לא
"
1513170442592391172,1587127656339873795,False,Error: Quota exceeded after retries,Error: Quota exceeded after retries
1583904064903217152,1587454967081619456,True,"לא
","לא
"
836121539615592449,1566298603290857472,False,"כן
","כן
"
1583747847517634560,1587481846857621504,True,"כן
","כן
"
1274883097759297536,1575237109920964608,False,"כן
","כן
"
1583902346672676864,1587482479039942656,True,"כן
","כן
"
331332556,1559098243962871808,False,"כן
","לא
"
1584450031448227840,1587461827008507904,True,"כן
","כן
"
1513170442592391172,1587523431322509312,False,Error: Quota exceeded after retries,"כן
"
1226506636547616769,1583484893044305922,True,"כן
","כן
"
1181115702645837825,1589676948720324609,False,"כן
","כן
"
1584473989157916678,1587492212522164224,True,"לא
",Error: Quota exceeded after retries
1273694559336194049,1566682110597148672,False,"כן
","כן
"
1359977891501637635,1562381726118297600,True,"לא
","לא
"
1181115702645837825,1577236542464020481,False,"כן
","כן
"
1583908950197825536,1587483512625504258,True,Error: Quota exceeded after retries,Error: Quota exceeded after retries
1459446403453919232,1569157270985969664,False,"כן
","כן
"
1259693465035780096,1564578456058339329,True,"לא
","לא
"
29256831,1574441788244299778,False,"כן
","כן
"
1583913808736620544,1587484570244374528,True,"כן
","כן
"
1324459892594352128,1574995002488332288,False,"כן
","לא
"
1226506636547616769,1587758904645242881,True,"כן
","כן
"
1181115702645837825,1589006342672461824,False,"כן
","כן
"
1583916319053074432,1587495795804151808,True,Error: Quota exceeded after retries,"כן
"
1157871227857506304,1587109447331192837,False,"לא
","לא
"
1214165759582068736,1580275169699897345,True,"לא
","לא
"
1444961790996189184,1556727174899662848,False,"כן
","לא
"
1583892697311772672,1587522607108104194,True,"כן
","כן
"
1083449594233671686,1588661119560060930,False,"כן
","לא
"
1583917943217233921,1587518897686618113,True,"כן
","כן
"
1397289755243597824,1568221990619648000,False,"לא
",Error: Quota exceeded after retries
1584169742801436674,1587430054945955840,True,"לא
","כן
"
1157871227857506304,1577980933512241152,False,"לא
","לא
"
1259693465035780096,1571136278338609158,True,"לא
","לא
"
1535734767693533185,1569971266781577216,False,Error: Quota exceeded after retries,"לא
"
1583897613967187968,1587507072735711232,True,"כן
","כן
"
1555506099067015169,1578046329397321728,False,"לא
","לא
"
1583924667550945280,1587529478053326848,True,"לא
",Error: Quota exceeded after retries
29256831,1557336163035258881,False,Error: Quota exceeded after retries,"לא
"
1303691749987155968,1567914884792287234,True,"כן
","לא
"
986646252778639367,1566052989369999360,False,"כן
","לא
"
1583916331648184320,1587485109816504321,True,"לא
",Error: Quota exceeded after retries
1444961790996189184,1571956105667821571,False,"לא
",Error: Quota exceeded after retries
1583914219845877760,1587484704436912128,True,"כן
","כן
"
1302953277374464001,1564516861966012417,False,"כן
","לא
"
1583920883240161280,1587465723277778945,True,"כן
","כן
"
1459532693759311873,1560624719661080578,False,"כן
","לא
"
1584159025050300417,1587450282870394881,True,"לא
","כן
"
1181115702645837825,1588131095492567041,False,"לא
","כן
"
1584123541401718784,1587449023937466368,True,"כן
","כן
"
1394407618941235200,1558124414658646023,False,Error: Quota exceeded after retries,"לא
"
1583913226819207168,1587437163095826432,True,"לא
","כן
"
1277254841312727041,1565081834953785351,False,"לא
","לא
"
1259693465035780096,1578811597270630401,True,"לא
",Error: Quota exceeded after retries
331332556,1582290755409747968,False,"כן
","כן
"
1583925324504367104,1587520017075093504,True,"כן
","כן
"
1273694559336194049,1574747259895697408,False,"לא
","לא
"
1584146725790306305,1587457903752933377,True,Error: Quota exceeded after retries,Error: Quota exceeded after retries
1506181872367325189,1556457367600041985,False,"כן
","כן
"
1584350719246831616,1587460158652678144,True,"לא
","כן
"
986646252778639367,1589194054637858819,False,"לא
","לא
"
1583914219845877760,1587518324560183296,True,Error: Quota exceeded after retries,"כן
"
1220337680254369792,1567427641904451584,False,"כן
","כן
"
65114706,1569609567180316672,True,"לא
","לא
"
1203732520736612355,1566304722365071360,False,"לא
",Error: Quota exceeded after retries
1583905061021048832,1587516139009347584,True,Error: Quota exceeded after retries,"כן
"
1459446403453919232,1576963140553621505,False,"כן
","כן
"
1583908205196812288,1587493939229077504,True,"כן
","כן
"
1197229185338658817,1557571785905778689,False,"כן
","לא
"
1583905061021048832,1587525043512258560,True,"לא
","כן
"
1157871227857506304,1574673658508820481,False,"כן
","לא
"
1584264158219890689,1587431179048787969,True,"כן
","כן
"
1273694559336194049,1572906155659362305,False,"לא
",Error: Quota exceeded after retries
1583900146450169858,1587477150663290880,True,"כן
","כן
"
1017001795913175040,1574884666288513025,False,"לא
","לא
"
14628294,1588816151886573570,True,"לא
","לא
"
1394407618941235200,1567492845547782146,False,Error: Quota exceeded after retries,Error: Quota exceeded after retries
2340927026,1556960200581586945,True,"לא
","לא
"
1197229185338658817,1563885468994912258,False,"לא
","לא
"
1303691749987155968,1570152489323986946,True,"כן
","כן
"
1181115702645837825,1580832737824768000,False,Error: Quota exceeded after retries,Error: Quota exceeded after retries
1214165759582068736,1577002856380395520,True,"כן
","לא
"
331332556,1577070357353463808,False,"כן
","כן
"
1214165759582068736,1583165287892865024,True,"כן
","כן
"
1181115702645837825,1588109665983938561,False,Error: Quota exceeded after retries,Error: Quota exceeded after retries
1583911807265431553,1587501997053255680,True,"לא
","כן
"
739508825976377345,1556633827832905728,False,"לא
","לא
"
1584429231253073920,1587434395547291648,True,"לא
","כן
"
986646252778639367,1574485011390251022,False,Error: Quota exceeded after retries,"כן
"
1584151440724926466,1587439399175798784,True,"לא
","לא
"
1540887255774003200,1575039254413029376,False,"לא
","לא
"
1583911807265431553,1587517607845851136,True,"לא
",Error: Quota exceeded after retries
29256831,1579821034240323584,False,Error: Quota exceeded after retries,"כן
"
1584260690088382465,1587491423326064642,True,"לא
","כן
"
1540887255774003200,1569748487067033602,False,"לא
","לא
"
1583894549386039296,1587444979227500544,True,"כן
",Error: Quota exceeded after retries
1413816742384709636,1559442305484034048,False,Error: Quota exceeded after retries,"כן
"
1584144631289085953,1587439070371667970,True,"כן
","כן
"
1394407618941235200,1578040621738115072,False,"כן
","כן
"
1583899041338826752,1587550888461099008,True,"לא
",Error: Quota exceeded after retries
1444961790996189184,1588231460028174336,False,Error: Quota exceeded after retries,"לא
"
1583892448480178176,1587462337027395584,True,"לא
","כן
"
1302953277374464001,1564178137763782656,False,"כן
","לא
"
1214165759582068736,1562729238934917120,True,"כן
",Error: Quota exceeded after retries
29256831,1569865126802767874,False,Error: Quota exceeded after retries,"לא
"
1226506636547616769,1589871715928408064,True,"כן
","כן
"
1121172118547439617,1566806646742990851,False,"כן
","לא
"
1583904863439638528,1587552077655396353,True,"לא
",Error: Quota exceeded after retries
1157871227857506304,1554679220659429377,False,"לא
","לא
"
1214165759582068736,1587870708490805252,True,"כן
","כן
"
469612194,1579723780846653441,False,"לא
","לא
"
14628294,1577953725116825602,True,"לא
","לא
"
29256831,1556583269055053824,False,"כן
","כן
"
1583899041338826752,1587499434882973696,True,"כן
","כן
"
1181115702645837825,1576888928648368134,False,"כן
","כן
"
1226506636547616769,1583437514852864000,True,Error: Quota exceeded after retries,"כן
"
1273694559336194049,1558376118490505216,False,"לא
","לא
"
1583924667550945280,1587448640091541504,True,"כן
","כן
"
1181115702645837825,1587756052824686592,False,"כן
",Error: Quota exceeded after retries
1259693465035780096,1573276327058317313,True,Error: Quota exceeded after retries,"לא
"
1274883097759297536,1574085501380079616,False,"כן
","לא
"
1226506636547616769,1575755614902681601,True,"לא
","לא
"
1117119930225299457,1581330882220081152,False,"לא
","לא
"
1584414095595671552,1587442790828417024,True,"לא
","כן
"
594771212,1587486705002680321,False,"כן
","לא
"
1583916319053074432,1587465383786647552,True,"לא
","כן
"
934133371160158209,1558821486890307585,False,"לא
",Error: Quota exceeded after retries
14628294,1583051480566669312,True,"לא
","לא
"
29256831,1569280101975719937,False,"כן
","לא
"
1584276542439292928,1587440974904500224,True,"כן
","כן
"
1277254841312727041,1576803023950864384,False,Error: Quota exceeded after retries,"לא
"
1583911807265431553,1587509894399213568,True,"כן
","כן
"
29256831,1588201195838984193,False,"כן
","לא
"
1259693465035780096,1588078280837664768,True,"כן
","כן
"
1157871227857506304,1570626483672223746,False,"לא
","לא
"
14628294,1577179902847381506,True,"כן
","לא
"
29256831,1588755652813651968,False,"כן
","כן
"
1583900146450169858,1587482266992709632,True,"כן
",Error: Quota exceeded after retries
331332556,1559761288804319235,False,"כן
","כן
"
2358761,1588177786652356608,True,"לא
","לא
"
29256831,1588756345695899648,False,"כן
","לא
"
65114706,1563079578637045760,True,Error: Quota exceeded after retries,"לא
"
1203732520736612355,1575398258330968064,False,Error: Quota exceeded after retries,"לא
"
1259693465035780096,1565670122777415680,True,"לא
","לא
"
1017001795913175040,1572976137688567808,False,"לא
","לא
"
1584258344801341440,1587440570221268992,True,"כן
",Error: Quota exceeded after retries
179379745,1555175941944516608,False,Error: Quota exceeded after retries,"כן
"
65114706,1557721896082612225,True,"לא
","לא
"
29256831,1557629649357881345,False,"כן
","לא
"
1583917549573791744,1587485243971231749,True,"לא
",Error: Quota exceeded after retries
1423579169800216576,1564646050010636288,False,Error: Quota exceeded after retries,"לא
"
1259693465035780096,1578680989412651008,True,"לא
","לא
"
1273694559336194049,1586653021492084736,False,"כן
","כן
"
14628294,1572529106675441664,True,"לא
",Error: Quota exceeded after retries
29256831,1556486857118162949,False,"כן
","לא
"
1584464221299183616,1587476357335855104,True,"לא
","כן
"
1157871227857506304,1576782071351357440,False,"כן
","כן
"
1583892697311772672,1587481424159875072,True,Error: Quota exceeded after retries,Error: Quota exceeded after retries
2550340435,1582130498306203648,False,"לא
","לא
"
1584423815253106688,1587443137508622336,True,"כן
","כן
"
1413816742384709636,1583415015364644866,False,"לא
","לא
"
1214165759582068736,1563614224940576768,True,Error: Quota exceeded after retries,"לא
"
29256831,1557524880383508482,False,Error: Quota exceeded after retries,"כן
"
65114706,1564124376416542720,True,"לא
","לא
"
1181115702645837825,1580546631879254016,False,"כן
","כן
"
1583926286371938304,1587448935349555200,True,"כן
","כן
"
469612194,1589211791380582400,False,"לא
","לא
"
1303691749987155968,1564032445854486528,True,"כן
","כן
"
331332556,1579065811758911489,False,"לא
","לא
"
1583903140813754368,1587482572988162049,True,"כן
","כן
"
838429490233618433,1571010655192514560,False,"כן
","לא
"
1583899041338826752,1587454623513645056,True,"כן
","כן
"
1357319249002450956,1556154214807642114,False,Error: Quota exceeded after retries,Error: Quota exceeded after retries
1583914219845877760,1587478933745696768,True,"לא
","כן
"
29256831,1586689932323536897,False,"כן
","לא
"
1584305539340984320,1587469188880224256,True,"לא
","כן
"
90212240,1569397956402466818,False,Error: Quota exceeded after retries,Error: Quota exceeded after retries
1584383097713217537,1587442424401403906,True,"כן
","כן
"
29256831,1557628128469606400,False,"לא
","לא
"
1584294246240374784,1587441185622151168,True,"כן
","כן
"
29256831,1578842029987049472,False,"כן
","כן
"
1583905061021048832,1587500540736307202,True,Error: Quota exceeded after retries,"כן
"
1235207128975106048,1588237165519052802,False,"לא
","לא
"
1584159025050300417,1587429547594502144,True,"כן
","כן
"
3042299994,1567828880735567877,False,"לא
",Error: Quota exceeded after retries
1584181685012541441,1587468319124135936,True,Error: Quota exceeded after retries,"כן
"
1413816742384709636,1567126203122810880,False,"לא
","לא
"
65114706,1554761973526560768,True,"לא
","לא
"
1197229185338658817,1588467146266664960,False,"לא
","לא
"
1226506636547616769,1583431803653992448,True,"לא
","לא
"
1444961790996189184,1589246968421048325,False,"כן
","לא
"
1584146633154961409,1587457851412254720,True,"כן
","כן
"
1540887255774003200,1572495012067409921,False,"לא
",Error: Quota exceeded after retries
1259693465035780096,1567425824835387393,True,"כן
","כן
"
1238188138054537217,1587731810271764480,False,"לא
","לא
"
14628294,1566389718954147840,True,"לא
","לא
"
1444961790996189184,1588263775747964929,False,"לא
","לא
"
14628294,1589569890750382080,True,"לא
","לא
"
934133371160158209,1555607922591367169,False,"כן
","לא
"
1584350719246831616,1587491679673544704,True,Error: Quota exceeded after retries,"כן
"
1181115702645837825,1579583312196050944,False,"לא
","כן
"
1226506636547616769,1583440840248082432,True,"כן
",Error: Quota exceeded after retries
1273694559336194049,1568130995022630912,False,"לא
","לא
"
1584449074383626240,1587453718844231680,True,"כן
","כן
"
1461315962603454464,1587596032090710016,False,"כן
","לא
"
1583925324504367104,1587474165627437056,True,Error: Quota exceeded after retries,Error: Quota exceeded after retries
29256831,1566001973035356160,False,"לא
","לא
"
14628294,1562472565469196290,True,"לא
","לא
"
3308592113,1587760212802404352,False,"כן
","כן
"
1214165759582068736,1580452214342316032,True,Error: Quota exceeded after retries,"לא
"
1390213170468474885,1560122845795160064,False,"לא
","לא
"
1584123541401718784,1587474503847723009,True,"כן
","כן
"
1467213474619133962,1564221588458934273,False,"לא
",Error: Quota exceeded after retries
97520558,1579168731439460353,True,Error: Quota exceeded after retries,"לא
"
1273694559336194049,1572753754126176257,False,"כן
","לא
"
1583905784173592576,1587544460807708674,True,"לא
","כן
"
1519973177107132417,1587572392842477568,False,"לא
",Error: Quota exceeded after retries
1259693465035780096,1575820242781364224,True,Error: Quota exceeded after retries,"לא
"
1390213170468474885,1564104426297724929,False,"כן
","לא
"
1584144382189776896,1587467336587485184,True,"כן
","כן
"
1273694559336194049,1556116268801216512,False,"לא
","לא
"
1554465183690817539,1570083085538201600,True,"כן
","כן
"
934133371160158209,1587839938455912451,False,"לא
","לא
"
1583911756220354564,1587561900979519491,True,"לא
","כן
"
1181115702645837825,1578720761488949250,False,"לא
",Error: Quota exceeded after retries
1584253804882513920,1587450944538628097,True,"כן
","כן
"
1357319249002450956,1559423635827335168,False,"כן
","כן
"
1583923141986091008,1587473991127601152,True,"לא
",Error: Quota exceeded after retries
934133371160158209,1587701374963310592,False,"כן
","כן
"
1259693465035780096,1568908781215432705,True,"כן
","כן
"
394932902,1580187955544883203,False,"כן
","כן
"
1583922577101459456,1587479683272015873,True,Error: Quota exceeded after retries,Error: Quota exceeded after retries
1390213170468474885,1583573961169768448,False,"לא
","לא
"
1584459713327992833,1587453945709940736,True,"לא
","כן
"
1444961790996189184,1583445140948938752,False,"כן
","לא
"
1214165759582068736,1577262570821799937,True,"כן
","כן
"
3308592113,1568043180305666050,False,"לא
","כן
"
1583913226819207168,1587527237967847426,True,"לא
","כן
"
29256831,1557674163439108097,False,"כן
","לא
"
97520558,1581352250491908096,True,Error: Quota exceeded after retries,"לא
"
29256831,1560738558016880641,False,"כן
","לא
"
1583924667550945280,1587548336990539776,True,"לא
","כן
"
1357319249002450956,1557641458953355264,False,"כן
","כן
"
14628294,1555158833575641088,True,"לא
","לא
"
1181115702645837825,1583896413754097664,False,"כן
","כן
"
14628294,1588099978010017792,True,"כן
","כן
"
35419047,1555866338320683008,False,"לא
",Error: Quota exceeded after retries
14628294,1571888538312146944,True,"לא
","לא
"
331332556,1572724802494009344,False,"לא
","לא
"
1583908568960757761,1587552655114502145,True,"לא
","כן
"
1302953277374464001,1579743338479001600,False,Error: Quota exceeded after retries,Error: Quota exceeded after retries
1584317815460605952,1587432614931025920,True,"לא
","כן
"
90212240,1556966286285996032,False,"כן
","לא
"
1303691749987155968,1564030323398217728,True,"כן
","לא
"
1277254841312727041,1575807992230207488,False,Error: Quota exceeded after retries,Error: Quota exceeded after retries
1584464221299183616,1587435333720805376,True,"כן
","כן
"
90212240,1563864189034168320,False,"כן
","לא
"
1583917549573791744,1587547257586319360,True,"כן
","כן
"
3042299994,1583029634005798914,False,"לא
","לא
"
1583904064903217152,1587463306075262977,True,"כן
","כן
"
1390213170468474885,1561595785447411713,False,"כן
","לא
"
1226506636547616769,1587489558534430725,True,"כן
","כן
"
90212240,1587749867564277762,False,"כן
","לא
"
1584307973261651969,1587459492899303425,True,"כן
","כן
"
1432021634274181124,1558899811746717697,False,"לא
","לא
"
1584473989157916678,1587462269884985345,True,Error: Quota exceeded after retries,Error: Quota exceeded after retries
29256831,1578840874598834177,False,"לא
","לא
"
1259693465035780096,1575822761909436416,True,"לא
","לא
"
1220225130787491840,1570831296003448832,False,"לא
","לא
"
1584162092948500482,1587439658211778560,True,"כן
","כן
"
29256831,1564589187344613384,False,"כן
","לא
"
1259693465035780096,1572687027472146438,True,"לא
","לא
"
4536850696,1579807195860205570,False,"לא
","לא
"
1583908205196812288,1587544629901082624,True,"לא
","כן
"
1157871227857506304,1573931178071146496,False,"כן
","כן
"
1583899435175739392,1587515142232645632,True,"כן
","כן
"
1390213170468474885,1588116237845929993,False,"לא
","לא
"
1554464476560519172,1570082982681088004,True,"כן
","כן
"
28076422,1577912104824217600,False,"לא
","לא
"
1583908950197825536,1587534666415763456,True,"כן
","כן
"
1277254841312727041,1574779497269927943,False,Error: Quota exceeded after retries,"לא
"
1584448287217590272,1587461520996241408,True,"לא
","כן
"
29256831,1583861464363737088,False,"כן
","כן
"
1259693465035780096,1575198054768349186,True,"לא
",Error: Quota exceeded after retries
29256831,1572800545831915521,False,"כן
","כן
"
1583899041338826752,1587558858901270529,True,"כן
","כן
"
4536850696,1555035715116867584,False,"לא
","לא
"
1584426354379931648,1587521583349841920,True,Error: Quota exceeded after retries,"כן
"
2229675445,1588370046472318977,False,Error: Quota exceeded after retries,"לא
"
1583899435175739392,1587559015310950400,True,"כן
","כן
"
1273694559336194049,1572391624831041537,False,"כן
","לא
"
1583894549386039296,1587541906614931456,True,"לא
","לא
"
3165081402,1588849161113202688,False,"כן
","כן
"
1259693465035780096,1570699663065616390,True,"כן
",Error: Quota exceeded after retries
1181115702645837825,1588927982441488384,False,"כן
","כן
"
14628294,1589142286008717313,True,"לא
","לא
"
179379745,1557078071064367104,False,"כן
","כן
"
1583912916331339776,1587495217229225984,True,Error: Quota exceeded after retries,"כן
"
2550340435,1589584403012808704,False,"לא
","לא
"
1259693465035780096,1569583937894113280,True,"כן
","לא
"
1444961790996189184,1589253306014400512,False,"כן
",Error: Quota exceeded after retries
1583903140813754368,1587463163682861056,True,Error: Quota exceeded after retries,"כן
"
331332556,1587333596360097793,False,"כן
","לא
"
1584473989157916678,1587444704810921991,True,"כן
","כן
"
29256831,1587767824654553089,False,"לא
",Error: Quota exceeded after retries
1583894549386039296,1587522819276931072,True,"כן
",Error: Quota exceeded after retries
4536850696,1587526486902333446,False,"לא
","לא
"
14628294,1589879057868619776,True,"לא
","לא
"
594771212,1588958127952916481,False,"כן
","כן
"
1214165759582068736,1554901205259804672,True,Error: Quota exceeded after retries,"לא
"
1273694559336194049,1558377441185280000,False,"לא
","לא
"
1583901163220455424,1587543005895892992,True,"כן
","כן
"
1273694559336194049,1557510106505711616,False,"כן
","לא
"
1214165759582068736,1570101708780630016,True,"כן
","לא
"
29256831,1558762198763175936,False,Error: Quota exceeded after retries,"לא
"
1583918605590491136,1587555394741669889,True,"כן
","כן
"
1413816742384709636,1564264800389156865,False,"לא
","לא
"
1584252487217086464,1587430742086148096,True,"כן
",Error: Quota exceeded after retries
29256831,1588188773426208773,False,Error: Quota exceeded after retries,"לא
"
1584123541401718784,1587513144489832448,True,"כן
","כן
"
1157871227857506304,1572082806229975046,False,"לא
","לא
"
1303691749987155968,1573770788368523265,True,"כן
","כן
"
1273694559336194049,1566686455929671680,False,Error: Quota exceeded after retries,"לא
"
1259693465035780096,1586964160256032768,True,"לא
","לא
"
934133371160158209,1563052709586305030,False,"כן
","כן
"
1584179308720844801,1587468156640993281,True,"לא
",Error: Quota exceeded after retries
331332556,1564164616543928321,False,Error: Quota exceeded after retries,"לא
"
1583914219845877760,1587554618401120256,True,"כן
","כן
"
223576673,1572513492577714177,False,"כן
","לא
"
1584133748219514881,1587457249114398721,True,"כן
",Error: Quota exceeded after retries
29256831,1588604491980771328,False,Error: Quota exceeded after retries,"לא
"
1583911039451598848,1587535414503428096,True,"כן
","כן
"
1357319249002450956,1560306919293714432,False,"כן
","כן
"
1583899435175739392,1587482190606114817,True,"כן
","כן
"
1324459892594352128,1579808760708894721,False,"לא
","לא
"
1583904863439638528,1587524843024437248,True,"לא
","כן
"
15064230,1567571623775027202,False,"לא
","לא
"
1583912651398123520,1587517747419705345,True,"כן
",Error: Quota exceeded after retries
331332556,1589227798019076098,False,"לא
","לא
"
1583892697311772672,1587462463213051906,True,"לא
","כן
"
4536850696,1579999136740700161,False,"כן
","כן
"
1583900146450169858,1587454732209004544,True,"כן
","כן
"
1181115702645837825,1582689527017406465,False,"לא
","לא
"
1583897613967187968,1587481885126512640,True,"כן
","כן
"
1203732520736612355,1559254376249712641,False,"כן
","לא
"
1214165759582068736,1588275967415369729,True,Error: Quota exceeded after retries,"כן
"
1444961790996189184,1589725926128222209,False,"לא
","לא
"
1583925669897330689,1587480075322085378,True,"לא
","כן
"
858243348125057024,1582067118744686592,False,"כן
",Error: Quota exceeded after retries
1584255474009919488,1587458690289803265,True,Error: Quota exceeded after retries,"כן
"
29256831,1568065588353970177,False,"כן
","לא
"
14628294,1589933866927927301,True,"לא
","לא
"
29256831,1576022335605248000,False,"כן
",Error: Quota exceeded after retries
1226506636547616769,1588090338954076164,True,Error: Quota exceeded after retries,"לא
"
1157871227857506304,1564543898021761025,False,"כן
","לא
"
1584277381597888512,1587441046039932929,True,"לא
","כן
"
29256831,1569358912650113024,False,"לא
",Error: Quota exceeded after retries
1583904258876850176,1587482787803643908,True,Error: Quota exceeded after retries,"כן
"
955168322,1560398599086899204,False,"כן
","כן
"
1583909435985907712,1587552985000775680,True,"לא
","כן
"
1416693965756243974,1587422992891617282,False,"לא
",Error: Quota exceeded after retries
1583899435175739392,1587499558304591872,True,"כן
","כן
"
1157871227857506304,1554573081645129729,False,"כן
","כן
"
1554429364515016705,1570107319538618370,True,"כן
","כן
"
29256831,1582660972094795778,False,"כן
","לא
"
65114706,1575209480987770880,True,"לא
","לא
"
1507305428165738503,1562332571815628800,False,"לא
","לא
"
1583912651398123520,1587489460328931329,True,"כן
","כן
"
1017001795913175040,1589164250232410112,False,Error: Quota exceeded after retries,"לא
"
1214165759582068736,1588206306086862855,True,"כן
","כן
"
1181115702645837825,1581410440563036160,False,"לא
","לא
"
1259693465035780096,1572844886814261248,True,"לא
",Error: Quota exceeded after retries
29256831,1564129872850690049,False,"כן
","כן
"
1583893901643231233,1587532057567109120,True,"לא
","כן
"
29256831,1580987115453968384,False,"כן
","לא
"
1214165759582068736,1563855270622756864,True,"כן
","לא
"
1444961790996189184,1571932684204507140,False,"לא
","לא
"
1554466919897780224,1570083393043599367,True,"כן
","כן
"
1459446403453919232,1560101031513624576,False,"כן
","כן
"
1226506636547616769,1582725129934901248,True,Error: Quota exceeded after retries,"לא
"
1357319249002450956,1559422369659240449,False,"כן
","כן
"
1583926286371938304,1587466850765414401,True,"כן
","כן
"
90212240,1563967037310996482,False,"כן
",Error: Quota exceeded after retries
1583911756220354564,1587446860280524800,True,"לא
","כן
"
29256831,1582004790309289984,False,"לא
","לא
"
1583925795306602496,1587466744804741121,True,"לא
","כן
"
986646252778639367,1582332285143355393,False,"לא
","לא
"
1214165759582068736,1588223793297870849,True,"כן
","כן
"
90212240,1564159596901588993,False,"כן
","לא
"
1214165759582068736,1560600068960690176,True,"כן
",Error: Quota exceeded after retries
1017001795913175040,1556919026424635393,False,"לא
","לא
"
1583897739477528576,1587462707208327168,True,"לא
","כן
"
1277254841312727041,1589492513219678209,False,"כן
","כן
"
1259693465035780096,1569425468524302338,True,Error: Quota exceeded after retries,"כן
"
1238188138054537217,1579839889616818178,False,"לא
","לא
"
1584144631289085953,1587475052777205760,True,"כן
","כן
"
1557873528560664579,1558579308263837696,False,"לא
","לא
"
1583897739477528576,1587454555695874050,True,"לא
","כן
"
1273694559336194049,1557640256178225152,False,"לא
","לא
"
1583914219845877760,1587465233450209280,True,"כן
","כן
"
1459446403453919232,1582272179173232641,False,"כן
",Error: Quota exceeded after retries
1226506636547616769,1583436861782958080,True,"כן
","לא
"
1277254841312727041,1581642947027554305,False,"כן
","לא
"
1583891623318261760,1587436862439796736,True,"לא
","לא
"
29256831,1573775568117514240,False,Error: Quota exceeded after retries,"כן
"
1584417761274777600,1587460813618495492,True,"כן
","כן
"
29256831,1558332702406893569,False,"לא
","לא
"
1583897739477528576,1587487808884613121,True,"כן
","כן
"
932669106586902529,1588450251198894080,False,"לא
","לא
"
1584429231253073920,1587461139750785024,True,"כן
","כן
"
1277254841312727041,1556413548380708866,False,"לא
",Error: Quota exceeded after retries
1583924667550945280,1587538964579115008,True,"לא
","כן
"
1325533220587376640,1562393479057182720,False,"כן
","כן
"
1583899435175739392,1587551018979450881,True,"לא
","כן
"
1357319249002450956,1556596477660643330,False,Error: Quota exceeded after retries,"כן
"
1583909627535982592,1587525997775101953,True,Error: Quota exceeded after retries,"כן
"
1357319249002450956,1557642574982266882,False,"כן
","כן
"
1259693465035780096,1554580947974094849,True,"כן
","כן
"
1304011389321842689,1579451939276075008,False,"לא
",Error: Quota exceeded after retries
1584143278785847297,1587438907934662657,True,"לא
","כן
"
29256831,1563213082012581889,False,"לא
","לא
"
1584254157862498305,1587430934118248451,True,"לא
","כן
"
870525872595496960,1579560163270594562,False,"כן
","לא
"
1584439581067599874,1587434498899120129,True,"כן
","כן
"
934133371160158209,1587905436535164929,False,"כן
","כן
"
1214165759582068736,1583443230972350466,True,"כן
","לא
"
1357319249002450956,1559423499189600256,False,Error: Quota exceeded after retries,"כן
"
1583909435985907712,1587534809290739717,True,"כן
","כן
"
986646252778639367,1567782591322791936,False,"כן
","לא
"
1583909627535982592,1587446428158201856,True,"כן
",Error: Quota exceeded after retries
29256831,1579392587865427968,False,Error: Quota exceeded after retries,"כן
"
1583918605590491136,1587511829701357570,True,"כן
","כן
"
1157871227857506304,1554893159469121536,False,"לא
","לא
"
